{
  "overall_pass": true,
  "cells": [
    {
      "K": 4,
      "K_LOC": 2,
      "K_REM": 2,
      "p": 2,
      "sigma2_C_closed": 0.4979975531070483,
      "sigma2_C_BLP": 0.4979975531070503,
      "sigma2_C_companion": 0.49799755310704885,
      "sigma2_C_MC_mean": 0.49430631392436014,
      "sigma2_C_MC_SE": 0.002460669196836959,
      "V1_residual_closed_vs_BLP": 1.9984014443252818e-15,
      "V3_residual_closed_vs_companion": 5.551115123125783e-16,
      "V2_MC_n_SE_away": 1.500095659925771,
      "V2_MC_rel_err_pct": 0.7412163292084882,
      "V1_pass": true,
      "V3_pass": true,
      "V2_pass": true,
      "Gamma_condition": 7.437316860213506,
      "Gamma_lambda_min": 1.9222957500238547,
      "rho_Atilde": 0.8499999999677763,
      "elapsed_s": 4.56398344039917
    },
    {
      "K": 4,
      "K_LOC": 2,
      "K_REM": 2,
      "p": 3,
      "sigma2_C_closed": 0.9175830498144523,
      "sigma2_C_BLP": 0.9175830498144537,
      "sigma2_C_companion": 0.917583049814452,
      "sigma2_C_MC_mean": 0.9177526740297907,
      "sigma2_C_MC_SE": 0.002919939526674196,
      "V1_residual_closed_vs_BLP": 1.4432899320127035e-15,
      "V3_residual_closed_vs_companion": 2.220446049250313e-16,
      "V2_MC_n_SE_away": 0.058091687786286005,
      "V2_MC_rel_err_pct": 0.018485979593094424,
      "V1_pass": true,
      "V3_pass": true,
      "V2_pass": true,
      "Gamma_condition": 5.492360725404655,
      "Gamma_lambda_min": 4.643075013819723,
      "rho_Atilde": 0.8500000000049172,
      "elapsed_s": 6.411758899688721
    },
    {
      "K": 4,
      "K_LOC": 2,
      "K_REM": 2,
      "p": 5,
      "sigma2_C_closed": 3.0213093849446184,
      "sigma2_C_BLP": 3.0213093849446198,
      "sigma2_C_companion": 3.0213093849446166,
      "sigma2_C_MC_mean": 3.0209172855464916,
      "sigma2_C_MC_SE": 0.005327816968909513,
      "V1_residual_closed_vs_BLP": 1.3322676295501878e-15,
      "V3_residual_closed_vs_companion": 1.7763568394002505e-15,
      "V2_MC_n_SE_away": 0.07359475755546507,
      "V2_MC_rel_err_pct": 0.012977796980363722,
      "V1_pass": true,
      "V3_pass": true,
      "V2_pass": true,
      "Gamma_condition": 69.77922257847948,
      "Gamma_lambda_min": 1.8646981057133878,
      "rho_Atilde": 0.8499999999701653,
      "elapsed_s": 9.290883302688599
    },
    {
      "K": 4,
      "K_LOC": 2,
      "K_REM": 2,
      "p": 7,
      "sigma2_C_closed": 0.7123888830329417,
      "sigma2_C_BLP": 0.712388883032955,
      "sigma2_C_companion": 0.7123888830329388,
      "sigma2_C_MC_mean": 0.7048205155687192,
      "sigma2_C_MC_SE": 0.002442299271776843,
      "V1_residual_closed_vs_BLP": 1.3322676295501878e-14,
      "V3_residual_closed_vs_companion": 2.886579864025407e-15,
      "V2_MC_n_SE_away": 3.0988698034194266,
      "V2_MC_rel_err_pct": 1.0623926965284416,
      "V1_pass": true,
      "V3_pass": true,
      "V2_pass": false,
      "Gamma_condition": 46.58024737913286,
      "Gamma_lambda_min": 2.003338480731042,
      "rho_Atilde": 0.8500000000732553,
      "elapsed_s": 12.635013341903687
    },
    {
      "K": 4,
      "K_LOC": 2,
      "K_REM": 2,
      "p": 10,
      "sigma2_C_closed": 0.246285979173541,
      "sigma2_C_BLP": 0.24628597917353567,
      "sigma2_C_companion": 0.24628597917354034,
      "sigma2_C_MC_mean": 0.24448208652518677,
      "sigma2_C_MC_SE": 0.0014563591288368747,
      "V1_residual_closed_vs_BLP": 5.329070518200751e-15,
      "V3_residual_closed_vs_companion": 6.661338147750939e-16,
      "V2_MC_n_SE_away": 1.2386317444893669,
      "V2_MC_rel_err_pct": 0.7324382225929118,
      "V1_pass": true,
      "V3_pass": true,
      "V2_pass": true,
      "Gamma_condition": 16.59461008972135,
      "Gamma_lambda_min": 1.299720795843327,
      "rho_Atilde": 0.850000000080155,
      "elapsed_s": 16.494631052017212
    },
    {
      "K": 6,
      "K_LOC": 4,
      "K_REM": 2,
      "p": 2,
      "sigma2_C_closed": 5.414640873799872,
      "sigma2_C_BLP": 5.414640873799874,
      "sigma2_C_companion": 5.414640873799865,
      "sigma2_C_MC_mean": 5.4120243952870775,
      "sigma2_C_MC_SE": 0.009304933131497967,
      "V1_residual_closed_vs_BLP": 1.7763568394002505e-15,
      "V3_residual_closed_vs_companion": 7.105427357601002e-15,
      "V2_MC_n_SE_away": 0.2811926185624543,
      "V2_MC_rel_err_pct": 0.04832229087352687,
      "V1_pass": true,
      "V3_pass": true,
      "V2_pass": true,
      "Gamma_condition": 15.33356050498411,
      "Gamma_lambda_min": 5.550108288895327,
      "rho_Atilde": 0.8499999999858203,
      "elapsed_s": 4.445919990539551
    },
    {
      "K": 6,
      "K_LOC": 4,
      "K_REM": 2,
      "p": 3,
      "sigma2_C_closed": 1.8711749204279378,
      "sigma2_C_BLP": 1.8711749204279364,
      "sigma2_C_companion": 1.8711749204279386,
      "sigma2_C_MC_mean": 1.8636984776387353,
      "sigma2_C_MC_SE": 0.004025335370956883,
      "V1_residual_closed_vs_BLP": 1.3322676295501878e-15,
      "V3_residual_closed_vs_companion": 8.881784197001252e-16,
      "V2_MC_n_SE_away": 1.857346556300771,
      "V2_MC_rel_err_pct": 0.39955873219445404,
      "V1_pass": true,
      "V3_pass": true,
      "V2_pass": true,
      "Gamma_condition": 5.313852949809834,
      "Gamma_lambda_min": 4.043257268468679,
      "rho_Atilde": 0.8499999999366988,
      "elapsed_s": 6.012901782989502
    },
    {
      "K": 6,
      "K_LOC": 4,
      "K_REM": 2,
      "p": 5,
      "sigma2_C_closed": 0.8406787309430537,
      "sigma2_C_BLP": 0.8406787309430475,
      "sigma2_C_companion": 0.8406787309430572,
      "sigma2_C_MC_mean": 0.8351303571296531,
      "sigma2_C_MC_SE": 0.004247194811521472,
      "V1_residual_closed_vs_BLP": 6.217248937900877e-15,
      "V3_residual_closed_vs_companion": 3.552713678800501e-15,
      "V2_MC_n_SE_away": 1.306361977639771,
      "V2_MC_rel_err_pct": 0.6599874136433224,
      "V1_pass": true,
      "V3_pass": true,
      "V2_pass": true,
      "Gamma_condition": 12.08127484972128,
      "Gamma_lambda_min": 4.184517670315616,
      "rho_Atilde": 0.8500000000876787,
      "elapsed_s": 9.466400384902954
    },
    {
      "K": 6,
      "K_LOC": 4,
      "K_REM": 2,
      "p": 7,
      "sigma2_C_closed": 0.9675649315878705,
      "sigma2_C_BLP": 0.9675649315878683,
      "sigma2_C_companion": 0.967564931587868,
      "sigma2_C_MC_mean": 0.959374366502107,
      "sigma2_C_MC_SE": 0.004053041516572599,
      "V1_residual_closed_vs_BLP": 2.220446049250313e-15,
      "V3_residual_closed_vs_companion": 2.4424906541753444e-15,
      "V2_MC_n_SE_away": 2.020844112322291,
      "V2_MC_rel_err_pct": 0.8465132228719795,
      "V1_pass": true,
      "V3_pass": true,
      "V2_pass": true,
      "Gamma_condition": 34.81413593882344,
      "Gamma_lambda_min": 1.4628093073284865,
      "rho_Atilde": 0.8500000000724645,
      "elapsed_s": 13.152165412902832
    },
    {
      "K": 6,
      "K_LOC": 4,
      "K_REM": 2,
      "p": 10,
      "sigma2_C_closed": 0.6403488037985796,
      "sigma2_C_BLP": 0.6403488037985846,
      "sigma2_C_companion": 0.6403488037985786,
      "sigma2_C_MC_mean": 0.6390261324629163,
      "sigma2_C_MC_SE": 0.0024248965129142664,
      "V1_residual_closed_vs_BLP": 4.9960036108132044e-15,
      "V3_residual_closed_vs_companion": 9.992007221626409e-16,
      "V2_MC_n_SE_away": 0.5454547559531634,
      "V2_MC_rel_err_pct": 0.2065548225931209,
      "V1_pass": true,
      "V3_pass": true,
      "V2_pass": true,
      "Gamma_condition": 11.796100817450043,
      "Gamma_lambda_min": 1.5043958573636296,
      "rho_Atilde": 0.8500000000866199,
      "elapsed_s": 17.446112871170044
    },
    {
      "K": 8,
      "K_LOC": 4,
      "K_REM": 4,
      "p": 2,
      "sigma2_C_closed": 1.2637437128767017,
      "sigma2_C_BLP": 1.2637437128767002,
      "sigma2_C_companion": 1.263743712876701,
      "sigma2_C_MC_mean": NaN,
      "sigma2_C_MC_SE": NaN,
      "V1_residual_closed_vs_BLP": 1.5543122344752192e-15,
      "V3_residual_closed_vs_companion": 6.661338147750939e-16,